{
 "imdb_sm_acc": 0.88,
 "imdb_sm_prec": 0.882466281310212,
 "imdb_md_acc": 0.8754,
 "imdb_md_prec": 0.8617546524876567,
 "imdb_lg_acc": 0.8782105263157894,
 "imdb_lg_prec": 0.8624505126383109,
 "short_v1_acc": 0.7708333333333334,
 "short_v1_prec": 0.7624768946395564,
 "short_rotten_acc": 0.7366,
 "short_rotten_prec": 0.8165041782729805,
 "rotten_mix_acc": 0.7444,
 "rotten_mix_prec": 0.8263876880511845,
 "long (v2+imdb)_acc": 0.8221728732490605,
 "long (v2+imdb)_prec": 0.7966154810404262,
 "rest v1(more than 25 tokens)_acc": 0.7444698703279939,
 "rest v1(more than 25 tokens)_prec": 0.7371428571428571,
 "entire v2 test_acc": 0.86,
 "entire v2 test_prec": 0.835195530726257,
 "rotten_pos_only_acc": 0.751,
 "rotten_pos_only_prec": 1.0,
 "rotten_neg_only_acc": 0.721,
 "rotten_neg_only_prec": 0.0
}